{
  "edmd_poly_e2": 52.94429754881467,
  "best_eml": {
    "tag": "depth2_obs16",
    "depth": 2,
    "n_obs": 16,
    "epochs": 1200,
    "lr": 0.003,
    "clamp": 5.0,
    "E1": 7.702708104636113,
    "E2": -12.231515992073794,
    "rmse": 0.8881510051828805,
    "valid_steps": 146,
    "n_params": 720,
    "train_time": 95.19700193405151,
    "formulas": [
      "eml(eml(1, x1), eml(1, x1))",
      "eml(eml(1, x1), x1)",
      "eml(eml(1, x1), x1)",
      "eml(eml(1, x1), x0)",
      "eml(eml(1, x1), x0)",
      "eml(eml(1, x1), 1)",
      "eml(eml(1, x0), x2)",
      "eml(eml(1, x1), 1)"
    ]
  },
  "all_runs": [
    {
      "tag": "depth2_obs16",
      "depth": 2,
      "n_obs": 16,
      "epochs": 1200,
      "lr": 0.003,
      "clamp": 5.0,
      "E1": 7.702708104636113,
      "E2": -12.231515992073794,
      "rmse": 0.8881510051828805,
      "valid_steps": 146,
      "n_params": 720,
      "train_time": 95.19700193405151,
      "formulas": [
        "eml(eml(1, x1), eml(1, x1))",
        "eml(eml(1, x1), x1)",
        "eml(eml(1, x1), x1)",
        "eml(eml(1, x1), x0)",
        "eml(eml(1, x1), x0)",
        "eml(eml(1, x1), 1)",
        "eml(eml(1, x0), x2)",
        "eml(eml(1, x1), 1)"
      ]
    },
    {
      "tag": "depth2_obs24",
      "depth": 2,
      "n_obs": 24,
      "epochs": 1500,
      "lr": 0.002,
      "clamp": 5.0,
      "E1": 7.838572921223608,
      "E2": -47.39904956549425,
      "rmse": 0.8868436160824728,
      "valid_steps": 146,
      "n_params": 1272,
      "train_time": 163.1692976951599,
      "formulas": [
        "eml(eml(1, x1), eml(1, x1))",
        "eml(eml(1, x1), x0)",
        "eml(eml(1, x1), x2)",
        "eml(eml(1, x1), 1)",
        "eml(eml(1, x1), x0)",
        "eml(eml(1, x1), x0)",
        "eml(eml(1, x0), x1)",
        "eml(eml(1, x1), x2)"
      ]
    },
    {
      "tag": "depth2_obs32",
      "depth": 2,
      "n_obs": 32,
      "epochs": 1500,
      "lr": 0.002,
      "clamp": 5.0,
      "E1": 7.198713446154581,
      "E2": -70.24449922812094,
      "rmse": 0.8930008047094434,
      "valid_steps": 144,
      "n_params": 1952,
      "train_time": 212.63574123382568,
      "formulas": [
        "eml(eml(1, x1), x0)",
        "eml(eml(1, x0), x0)",
        "eml(eml(1, x1), x1)",
        "eml(eml(1, x1), x0)",
        "eml(eml(1, x1), 1)",
        "eml(eml(1, x1), x0)",
        "eml(eml(1, x1), 1)",
        "eml(eml(1, x1), 1)"
      ]
    },
    {
      "tag": "depth3_obs16",
      "depth": 3,
      "n_obs": 16,
      "epochs": 1500,
      "lr": 0.002,
      "clamp": 4.0,
      "E1": 5.31892562437325,
      "E2": -48.58193143090841,
      "rmse": 0.911089476751288,
      "valid_steps": 143,
      "n_params": 1296,
      "train_time": 257.014524936676,
      "formulas": [
        "eml(1, x0)",
        "eml(1, x1)",
        "eml(1, x1)",
        "eml(1, x1)",
        "eml(1, x1)",
        "eml(1, x0)",
        "eml(1, x2)",
        "eml(1, x1)"
      ]
    },
    {
      "tag": "depth3_obs24",
      "depth": 3,
      "n_obs": 24,
      "epochs": 2000,
      "lr": 0.001,
      "clamp": 4.0,
      "E1": 4.081930758297913,
      "E2": -37.29028959831526,
      "rmse": 0.9229927321030961,
      "valid_steps": 140,
      "n_params": 2136,
      "train_time": 491.7439823150635,
      "formulas": [
        "eml(1, x0)",
        "eml(1, x1)",
        "eml(1, x1)",
        "eml(1, x0)",
        "eml(1, x2)",
        "eml(1, x1)",
        "eml(1, x0)",
        "eml(1, x1)"
      ]
    },
    {
      "tag": "depth3_obs32",
      "depth": 3,
      "n_obs": 32,
      "epochs": 2000,
      "lr": 0.001,
      "clamp": 4.0,
      "E1": 1.8561084978432008,
      "E2": -39.149373304206,
      "rmse": 0.9444111966905774,
      "valid_steps": 134,
      "n_params": 3104,
      "train_time": 640.4652121067047,
      "formulas": [
        "eml(1, x1)",
        "eml(1, x1)",
        "eml(1, x0)",
        "eml(1, x1)",
        "eml(1, x0)",
        "eml(1, x1)",
        "eml(1, x0)",
        "eml(1, x0)"
      ]
    },
    {
      "tag": "depth4_obs16",
      "depth": 4,
      "n_obs": 16,
      "epochs": 2000,
      "lr": 0.001,
      "clamp": 3.0,
      "E1": 2.0859837162276573,
      "E2": -68.87696039587163,
      "rmse": 0.9421991718079161,
      "valid_steps": 134,
      "n_params": 2448,
      "train_time": 364.2091381549835,
      "formulas": [
        "eml(1, x0)",
        "eml(1, x0)",
        "eml(1, x1)",
        "eml(x1, x1)",
        "eml(1, x0)",
        "eml(1, x0)",
        "eml(x1, x0)",
        "eml(1, x0)"
      ]
    },
    {
      "tag": "depth4_obs24",
      "depth": 4,
      "n_obs": 24,
      "epochs": 2500,
      "lr": 0.0008,
      "clamp": 3.0,
      "E1": 4.563169636419017,
      "E2": -24.6711358449045,
      "rmse": 0.9183619050814223,
      "valid_steps": 141,
      "n_params": 3864,
      "train_time": 677.991046667099,
      "formulas": [
        "eml(1, x1)",
        "eml(1, x1)",
        "eml(1, x1)",
        "eml(x0, x1)",
        "eml(1, x0)",
        "eml(1, x0)",
        "eml(1, x1)",
        "eml(1, x0)"
      ]
    },
    {
      "tag": "depth4_obs32",
      "depth": 4,
      "n_obs": 32,
      "epochs": 2500,
      "lr": 0.0008,
      "clamp": 3.0,
      "E1": 3.4297323848074823,
      "E2": -27.707620134452892,
      "rmse": 0.929268654495823,
      "valid_steps": 140,
      "n_params": 5408,
      "train_time": 811.9641468524933,
      "formulas": [
        "eml(x2, x0)",
        "eml(1, x1)",
        "eml(1, x0)",
        "eml(1, x1)",
        "eml(x2, x0)",
        "eml(1, x0)",
        "eml(1, x1)",
        "eml(x1, x2)"
      ]
    },
    {
      "tag": "depth5_obs16",
      "depth": 5,
      "n_obs": 16,
      "epochs": 2500,
      "lr": 0.0005,
      "clamp": 2.5,
      "E1": 2.352688783998258,
      "E2": -14.22073045947181,
      "rmse": 0.939632743593572,
      "valid_steps": 136,
      "n_params": 4752,
      "train_time": 465.7495834827423,
      "formulas": [
        "eml(1, x1)",
        "eml(x2, x0)",
        "eml(x1, x0)",
        "eml(1, x0)",
        "eml(1, x1)",
        "eml(1, x2)",
        "eml(x2, x1)",
        "eml(1, x0)"
      ]
    },
    {
      "tag": "depth5_obs24",
      "depth": 5,
      "n_obs": 24,
      "epochs": 3000,
      "lr": 0.0005,
      "clamp": 2.5,
      "E1": 4.534893737306723,
      "E2": -22.819548615618636,
      "rmse": 0.9186339961439371,
      "valid_steps": 144,
      "n_params": 7320,
      "train_time": 636.9457364082336,
      "formulas": [
        "eml(1, x1)",
        "eml(1, x1)",
        "eml(1, x1)",
        "eml(1, x1)",
        "eml(1, x0)",
        "eml(1, x1)",
        "eml(1, x0)",
        "eml(1, x0)"
      ]
    }
  ]
}